{
  "exact_match": 0.0,
  "token_accuracy": 0.9535947559977649,
  "codebleu_like": 0.898030574638308,
  "compilation_success": 1.0,
  "ast_success": 1.0
}