{
  "exact_match": 0.0,
  "token_accuracy": 0.9268208812260537,
  "codebleu_like": 0.9058822600994283,
  "compilation_success": 1.0,
  "ast_success": 1.0
}