{
  "exact_match": 0.0,
  "token_accuracy": 0.8727454763120358,
  "codebleu_like": 0.9096573618967637,
  "compilation_success": 1.0,
  "ast_success": 1.0
}