{
  "exact_match": 0.0,
  "token_accuracy": 0.7723256704980843,
  "codebleu_like": 0.9009196965438924,
  "compilation_success": 1.0,
  "ast_success": 1.0
}