{
  "exact_match": 0.0,
  "token_accuracy": 0.775852629477257,
  "codebleu_like": 0.8215538100162673,
  "compilation_success": 1.0,
  "ast_success": 1.0
}